"Dataset","Test","Statistic","P_value"
"Full","Egger",10.0539459428461,8.82608654345169e-24
"Full","Begg",0.451851851851852,1.56573373390607e-05
"Trimmed","Egger",3.81454174539883,0.000136435873104185
"Trimmed","Begg",0.322207958921694,0.0034467049207523
