"Metric","Estimate","CI_Lower","CI_Upper","Tau2","I2"
"SMD",1.65574850619977,0.842550891792265,2.46894612060728,7.49432163514778,99.7450581857168
"Hedges_g",1.64530021883944,0.838045919353587,2.4525545183253,7.38532995657831,99.7427849922822
"LRR",0.0381066756046211,0.0205440892239503,0.0556692619852919,0.00336407798349247,99.8333305376298
